frame_number,video_path
6588,C:\VIDEO\2026-07 Beeater\2026_07_25_082141.mp4
6591,C:\VIDEO\2026-07 Beeater\2026_07_25_082141.mp4
6593,C:\VIDEO\2026-07 Beeater\2026_07_25_082141.mp4
6594,C:\VIDEO\2026-07 Beeater\2026_07_25_082141.mp4
6595,C:\VIDEO\2026-07 Beeater\2026_07_25_082141.mp4
6596,C:\VIDEO\2026-07 Beeater\2026_07_25_082141.mp4
6597,C:\VIDEO\2026-07 Beeater\2026_07_25_082141.mp4
6598,C:\VIDEO\2026-07 Beeater\2026_07_25_082141.mp4
6599,C:\VIDEO\2026-07 Beeater\2026_07_25_082141.mp4
6600,C:\VIDEO\2026-07 Beeater\2026_07_25_082141.mp4
6601,C:\VIDEO\2026-07 Beeater\2026_07_25_082141.mp4
6605,C:\VIDEO\2026-07 Beeater\2026_07_25_082141.mp4
6608,C:\VIDEO\2026-07 Beeater\2026_07_25_082141.mp4
6620,C:\VIDEO\2026-07 Beeater\2026_07_25_082141.mp4
6623,C:\VIDEO\2026-07 Beeater\2026_07_25_082141.mp4
6627,C:\VIDEO\2026-07 Beeater\2026_07_25_082141.mp4
6628,C:\VIDEO\2026-07 Beeater\2026_07_25_082141.mp4
6631,C:\VIDEO\2026-07 Beeater\2026_07_25_082141.mp4
6632,C:\VIDEO\2026-07 Beeater\2026_07_25_082141.mp4
6633,C:\VIDEO\2026-07 Beeater\2026_07_25_082141.mp4
6634,C:\VIDEO\2026-07 Beeater\2026_07_25_082141.mp4
6635,C:\VIDEO\2026-07 Beeater\2026_07_25_082141.mp4
6636,C:\VIDEO\2026-07 Beeater\2026_07_25_082141.mp4
6637,C:\VIDEO\2026-07 Beeater\2026_07_25_082141.mp4
6638,C:\VIDEO\2026-07 Beeater\2026_07_25_082141.mp4
6639,C:\VIDEO\2026-07 Beeater\2026_07_25_082141.mp4
6640,C:\VIDEO\2026-07 Beeater\2026_07_25_082141.mp4
6641,C:\VIDEO\2026-07 Beeater\2026_07_25_082141.mp4
6642,C:\VIDEO\2026-07 Beeater\2026_07_25_082141.mp4
6643,C:\VIDEO\2026-07 Beeater\2026_07_25_082141.mp4
6645,C:\VIDEO\2026-07 Beeater\2026_07_25_082141.mp4
6649,C:\VIDEO\2026-07 Beeater\2026_07_25_082141.mp4
6650,C:\VIDEO\2026-07 Beeater\2026_07_25_082141.mp4
6655,C:\VIDEO\2026-07 Beeater\2026_07_25_082141.mp4
6656,C:\VIDEO\2026-07 Beeater\2026_07_25_082141.mp4
6657,C:\VIDEO\2026-07 Beeater\2026_07_25_082141.mp4
6661,C:\VIDEO\2026-07 Beeater\2026_07_25_082141.mp4
6663,C:\VIDEO\2026-07 Beeater\2026_07_25_082141.mp4
6664,C:\VIDEO\2026-07 Beeater\2026_07_25_082141.mp4
6666,C:\VIDEO\2026-07 Beeater\2026_07_25_082141.mp4
6667,C:\VIDEO\2026-07 Beeater\2026_07_25_082141.mp4
6668,C:\VIDEO\2026-07 Beeater\2026_07_25_082141.mp4
6669,C:\VIDEO\2026-07 Beeater\2026_07_25_082141.mp4
6673,C:\VIDEO\2026-07 Beeater\2026_07_25_082141.mp4
6674,C:\VIDEO\2026-07 Beeater\2026_07_25_082141.mp4
6675,C:\VIDEO\2026-07 Beeater\2026_07_25_082141.mp4
6678,C:\VIDEO\2026-07 Beeater\2026_07_25_082141.mp4
6679,C:\VIDEO\2026-07 Beeater\2026_07_25_082141.mp4
6680,C:\VIDEO\2026-07 Beeater\2026_07_25_082141.mp4
6681,C:\VIDEO\2026-07 Beeater\2026_07_25_082141.mp4
6682,C:\VIDEO\2026-07 Beeater\2026_07_25_082141.mp4
6683,C:\VIDEO\2026-07 Beeater\2026_07_25_082141.mp4
6684,C:\VIDEO\2026-07 Beeater\2026_07_25_082141.mp4
6690,C:\VIDEO\2026-07 Beeater\2026_07_25_082141.mp4
6694,C:\VIDEO\2026-07 Beeater\2026_07_25_082141.mp4
6707,C:\VIDEO\2026-07 Beeater\2026_07_25_082141.mp4
6708,C:\VIDEO\2026-07 Beeater\2026_07_25_082141.mp4
6709,C:\VIDEO\2026-07 Beeater\2026_07_25_082141.mp4
6710,C:\VIDEO\2026-07 Beeater\2026_07_25_082141.mp4
6711,C:\VIDEO\2026-07 Beeater\2026_07_25_082141.mp4
6712,C:\VIDEO\2026-07 Beeater\2026_07_25_082141.mp4
6716,C:\VIDEO\2026-07 Beeater\2026_07_25_082141.mp4
6971,C:\VIDEO\2026-07 Beeater\2026_07_25_082141.mp4
6972,C:\VIDEO\2026-07 Beeater\2026_07_25_082141.mp4
6973,C:\VIDEO\2026-07 Beeater\2026_07_25_082141.mp4
6974,C:\VIDEO\2026-07 Beeater\2026_07_25_082141.mp4
6975,C:\VIDEO\2026-07 Beeater\2026_07_25_082141.mp4
6976,C:\VIDEO\2026-07 Beeater\2026_07_25_082141.mp4
6977,C:\VIDEO\2026-07 Beeater\2026_07_25_082141.mp4
6981,C:\VIDEO\2026-07 Beeater\2026_07_25_082141.mp4
6985,C:\VIDEO\2026-07 Beeater\2026_07_25_082141.mp4
6990,C:\VIDEO\2026-07 Beeater\2026_07_25_082141.mp4
6991,C:\VIDEO\2026-07 Beeater\2026_07_25_082141.mp4
6992,C:\VIDEO\2026-07 Beeater\2026_07_25_082141.mp4
6993,C:\VIDEO\2026-07 Beeater\2026_07_25_082141.mp4
6994,C:\VIDEO\2026-07 Beeater\2026_07_25_082141.mp4
6995,C:\VIDEO\2026-07 Beeater\2026_07_25_082141.mp4
6997,C:\VIDEO\2026-07 Beeater\2026_07_25_082141.mp4
8083,C:\VIDEO\2026-07 Beeater\2026_07_25_082141.mp4
8086,C:\VIDEO\2026-07 Beeater\2026_07_25_082141.mp4
8089,C:\VIDEO\2026-07 Beeater\2026_07_25_082141.mp4
8090,C:\VIDEO\2026-07 Beeater\2026_07_25_082141.mp4
8092,C:\VIDEO\2026-07 Beeater\2026_07_25_082141.mp4
8093,C:\VIDEO\2026-07 Beeater\2026_07_25_082141.mp4
8094,C:\VIDEO\2026-07 Beeater\2026_07_25_082141.mp4
8095,C:\VIDEO\2026-07 Beeater\2026_07_25_082141.mp4
8096,C:\VIDEO\2026-07 Beeater\2026_07_25_082141.mp4
8097,C:\VIDEO\2026-07 Beeater\2026_07_25_082141.mp4
8098,C:\VIDEO\2026-07 Beeater\2026_07_25_082141.mp4
8099,C:\VIDEO\2026-07 Beeater\2026_07_25_082141.mp4
8100,C:\VIDEO\2026-07 Beeater\2026_07_25_082141.mp4
8102,C:\VIDEO\2026-07 Beeater\2026_07_25_082141.mp4
8103,C:\VIDEO\2026-07 Beeater\2026_07_25_082141.mp4
8104,C:\VIDEO\2026-07 Beeater\2026_07_25_082141.mp4
8105,C:\VIDEO\2026-07 Beeater\2026_07_25_082141.mp4
8106,C:\VIDEO\2026-07 Beeater\2026_07_25_082141.mp4
8107,C:\VIDEO\2026-07 Beeater\2026_07_25_082141.mp4
8108,C:\VIDEO\2026-07 Beeater\2026_07_25_082141.mp4
8109,C:\VIDEO\2026-07 Beeater\2026_07_25_082141.mp4
8110,C:\VIDEO\2026-07 Beeater\2026_07_25_082141.mp4
8125,C:\VIDEO\2026-07 Beeater\2026_07_25_082141.mp4
8134,C:\VIDEO\2026-07 Beeater\2026_07_25_082141.mp4
8166,C:\VIDEO\2026-07 Beeater\2026_07_25_082141.mp4
8167,C:\VIDEO\2026-07 Beeater\2026_07_25_082141.mp4
8171,C:\VIDEO\2026-07 Beeater\2026_07_25_082141.mp4
8174,C:\VIDEO\2026-07 Beeater\2026_07_25_082141.mp4
8181,C:\VIDEO\2026-07 Beeater\2026_07_25_082141.mp4
8182,C:\VIDEO\2026-07 Beeater\2026_07_25_082141.mp4
8408,C:\VIDEO\2026-07 Beeater\2026_07_25_082141.mp4
8409,C:\VIDEO\2026-07 Beeater\2026_07_25_082141.mp4
8410,C:\VIDEO\2026-07 Beeater\2026_07_25_082141.mp4
8411,C:\VIDEO\2026-07 Beeater\2026_07_25_082141.mp4
8412,C:\VIDEO\2026-07 Beeater\2026_07_25_082141.mp4
8413,C:\VIDEO\2026-07 Beeater\2026_07_25_082141.mp4
8414,C:\VIDEO\2026-07 Beeater\2026_07_25_082141.mp4
8415,C:\VIDEO\2026-07 Beeater\2026_07_25_082141.mp4
8416,C:\VIDEO\2026-07 Beeater\2026_07_25_082141.mp4
8418,C:\VIDEO\2026-07 Beeater\2026_07_25_082141.mp4
8419,C:\VIDEO\2026-07 Beeater\2026_07_25_082141.mp4
8422,C:\VIDEO\2026-07 Beeater\2026_07_25_082141.mp4
8425,C:\VIDEO\2026-07 Beeater\2026_07_25_082141.mp4
8428,C:\VIDEO\2026-07 Beeater\2026_07_25_082141.mp4
8429,C:\VIDEO\2026-07 Beeater\2026_07_25_082141.mp4
8432,C:\VIDEO\2026-07 Beeater\2026_07_25_082141.mp4
8433,C:\VIDEO\2026-07 Beeater\2026_07_25_082141.mp4
